fips,poverty_rate
01001,15.6
01003,12.1
01005,10.1
01007,27.1
01009,20.3
01011,16.3
01013,30
01015,21.6
01017,17.2
01019,19.6
01021,15.9
01023,16
01025,22.6
01027,18.4
01029,16.6
01031,13.3
01033,15
01035,14.6
01037,22.2
01039,17.1
01041,17.2
01043,16.8
01045,12.2
01047,18.1
01049,26
01051,18.2
01053,11.4
01055,20.5
01057,18.8
01059,17
01061,16.1
01063,16.1
01065,31.7
01067,20.5
01069,17.2
01071,19.4
01073,14.7
01075,16.2
01077,15.3
01079,15.7
01081,17.7
01083,15.5
01085,12
01087,26.6
01089,29.3
01091,11.5
01093,24.8
01095,16.9
01097,15.7
01099,17.7
01101,23.3
01103,15.8
01105,13.7
01107,33.9
01109,24.3
01111,21.8
01113,17.5
01115,18.9
01117,11.2
01119,6.2
01121,36.4
01123,17.4
01125,16
01127,16.2
01129,17.3
01131,18.6
01133,32.5
02013,10.2
02016,14.8
02050,9.5
02060,23.5
02068,9.8
02070,6.6
02090,18.1
02100,7.2
02105,9.8
02122,6.3
02130,10.4
02150,9.4
02164,26.8
02170,17.4
02180,9.6
02185,20.7
02188,11.4
02290,14.7
04001,13.5
04003,33.4
04005,16.6
04007,15.9
04009,21.1
04011,20.1
04012,9.3
04013,22.1
04015,12.2
04017,16
04019,25.2
04021,14
04023,12.1
04025,18.8
04027,12
05001,16
05003,15.8
05005,18.5
05007,12.7
05009,8.9
05011,15.1
05013,22.9
05015,15.4
05017,14.7
05019,31
05021,20.6
05023,18.7
05025,14.1
05027,13.7
05029,21.2
05031,15.6
05033,16.9
05035,18.3
05037,22.4
05039,17.8
05041,18.8
05043,25.4
05045,18.5
05047,14.4
05049,16.2
05051,17.7
05053,16.9
05055,12.1
05057,15.5
05059,18.5
05061,20.2
05063,16.8
05065,15.9
05067,15.9
05069,22.9
05071,24.4
05073,17.5
05075,25.5
05077,18.4
05079,35.4
05081,27.1
05083,17.8
05085,17.4
05087,10.7
05089,16.4
05091,16.3
05093,14.1
05095,23
05097,25.5
05099,19.9
05101,24.1
05103,18.1
05105,17.3
05107,16.5
05109,33.3
05111,16.9
05113,23.1
05115,20.2
05117,16.9
05119,15
05121,14.6
05123,17.3
05125,32
05127,9.6
05129,19.6
05131,22.4
05133,15.9
05135,17.7
05137,23.3
05139,19.3
05141,18.9
05143,19.9
05145,15.1
05147,15.4
05149,27.1
06001,11.8
06005,17.2
06007,9.8
06009,16.1
06011,12.1
06013,12
06015,7.9
06017,17.9
06019,8.7
06021,20.5
06023,12.1
06025,19.1
06029,11.7
06031,19
06033,16
06035,18.3
06037,16.5
06039,13.4
06041,17.6
06045,15.1
06047,14
06053,10.1
06055,12.6
06057,7.4
06059,9.4
06061,9.5
06065,13.2
06067,11.3
06069,12.6
06071,10.4
06073,13.3
06077,9.5
06079,13.6
06081,11.6
06083,6.1
06085,12
06087,6.1
06089,10.6
06093,12.7
06095,17.4
06097,9
06099,7.2
06101,13
06103,12.8
06107,16.5
06109,18.9
06111,11.3
06113,8.2
06115,16.9
08001,9.4
08003,9.3
08005,19.6
08007,7.2
08011,19.3
08013,34.4
08015,4.1
08019,13.7
08021,7.4
08025,24.6
08027,40
08029,11.8
08033,12.1
08035,12.8
08037,2.7
08039,7.9
08041,5.7
08043,8.8
08045,16.1
08047,9.6
08049,6.8
08051,8.1
08055,8.9
08059,12.6
08061,7.2
08063,13.5
08065,13.2
08067,11.4
08069,11.3
08075,17
08077,12.9
08081,9.4
08083,12.2
08085,14.9
08087,13.2
08089,11.9
08091,24.2
08093,6.9
08095,8.6
08097,10.4
08099,6.2
08101,18.2
08103,17.8
08105,10.3
08107,14.4
08109,7.2
08111,25.4
08113,13.7
08115,9.9
08117,14.6
08119,6.4
08121,7.9
08123,11.8
08125,8.4
09001,9.9
09003,9
09005,10.8
09007,7.1
09009,7
09011,12
09013,7.8
09015,7.8
010001,11.2
010003,12.7
010005,10.4
12001,12.7
12003,18.4
12005,14.9
12007,12.1
12009,21
12011,9.4
12013,12.3
12015,20.3
12017,11.4
12019,15.2
12021,8.3
12023,9.4
12027,15.6
12029,21.8
12031,22.2
12033,13.5
12035,15.5
12037,9.7
12039,19.2
12041,19.7
12043,15
12045,19.3
12047,14
12049,32.5
12051,22.1
12053,19.5
12055,12.4
12057,15.8
12059,13.5
12061,20.1
12063,11.5
12065,19.4
12067,17.6
12069,18
12071,10.9
12073,11.2
12075,20.8
12077,18.2
12079,23
12081,22.7
12083,11.3
12085,14.9
12086,8.9
12087,15.7
12089,9.9
12091,9
12093,10.6
12095,18.4
12097,12.6
12099,13.4
12101,11.4
12103,11.3
12105,11.4
12107,14
12109,22.4
12111,6.4
12113,10.5
12115,9.8
12117,7.8
12119,9.3
12121,8.9
12123,17.1
12125,19.9
12127,19.9
12129,13.1
12131,12
12133,10.8
13001,13.5
13003,20.9
13007,19.2
13009,24.8
13011,22.9
13015,9.7
13017,12.5
13021,20.1
13023,23.2
13025,18.5
13027,16.1
13029,21.9
13031,7.8
13033,21.9
13035,23.6
13037,14.7
13039,35.9
13043,13.8
13045,23.1
13047,14.9
13049,10
13051,25.9
13053,14.8
13055,18.5
13057,17.4
13059,6.5
13061,25.7
13063,28.8
13065,16
13067,22
13069,8.3
13071,20.2
13073,21.9
13075,5.6
13077,21.4
13079,9
13081,15.3
13083,26.7
13085,13.5
13087,8.8
13089,23.4
13091,12.9
13093,20.6
13097,27.6
13101,27.3
13103,21.6
13105,9.1
13107,20.6
13111,24.1
13113,12.1
13117,16.4
13121,17.3
13123,13.8
13125,14.6
13127,16.9
13131,12.3
13133,21.7
13135,15
13137,9.2
13139,15.2
13141,13.5
13143,31.2
13145,14.4
13147,6.5
13151,16.7
13153,8.1
13155,11
13157,20.5
13159,10.3
13161,12.4
13163,21.2
13165,25.1
13167,29
13169,24.2
13171,12.8
13173,14.8
13175,18.5
13179,9.3
13181,14.5
13183,17.3
13185,14.2
13189,14.5
13191,18
13197,15.6
13199,21.1
13201,22.2
13205,21.3
13209,10.6
13211,19.4
13213,11.1
13215,14.5
13217,18.4
13221,5.6
13223,12.8
13225,6.8
13227,19.8
13229,10.3
13231,16.4
13235,16.2
13237,20.7
13239,15.1
13241,22.8
13243,13
13245,25.3
13247,21.7
13251,15.9
13253,24.1
13255,22.6
13257,17.7
13259,15
13261,34.7
13263,26.7
13265,19.6
13267,22.5
13269,26.5
13271,22.9
13273,27.7
13275,28.2
13277,18
13279,21.5
13281,19.2
13283,12.7
13287,19.2
13289,28
13291,19
13293,11.6
13295,19.1
13297,14.7
13299,10.8
13301,26.3
13303,26.5
13305,21.4
13307,18.4
13309,18.4
13311,34.2
13313,10.9
13315,12.7
13319,19.6
13321,17
16001,11
16003,9.4
16005,12.7
16007,13.5
16009,11.8
16011,15.4
16013,11.1
16015,7.2
16017,11.6
16019,12.6
16021,9.3
16023,14.8
16025,14.6
16027,9
16029,10.1
16031,10.1
16033,12
16035,14.5
16037,13.5
16039,13
16041,14.1
16043,8.2
16045,12.7
16047,12.7
16049,15.1
16051,13.8
16053,9.2
16055,14.2
16057,10
16059,11.7
16061,13.5
16063,13.2
16065,11.2
16067,27.4
16069,11.3
16071,11.1
16073,11.3
16075,14.9
16077,11
16079,13.1
16081,19.1
16083,7.7
16085,11
16087,8.8
17001,11.4
17003,12.3
17005,24
17007,13
17009,8.9
17011,14.8
17013,11.2
17015,9.7
17017,11.1
17019,13
17021,19.9
17023,12.3
17025,10.8
17027,13.8
17029,7.5
17031,16.8
17033,13
17035,12.6
17037,10.1
17039,13
17041,11
17043,8
17045,6
17047,13.2
17049,11.8
17051,9.2
17053,15.1
17055,10
17057,16.4
17059,13.3
17061,19
17063,13.7
17065,5.6
17067,12.7
17069,12.3
17071,18
17073,11
17075,8.7
17077,11.6
17079,25.4
17081,9.9
17083,14.9
17085,10.4
17087,9.3
17089,12.9
17091,8.2
17093,12.7
17095,4
17097,18.6
17099,7.2
17101,12.2
17103,18.4
17105,12
17107,13
17109,12.8
17111,23.3
17113,5.4
17115,14.3
17117,16.7
17119,13.5
17121,10.9
17123,15
17125,9
17127,12.1
17129,15.9
17131,8.2
17133,8.1
17135,4.2
17137,16
17139,13.8
17141,8.6
17143,9.4
17145,14.8
17147,14.4
17149,6.5
17151,14.4
17153,16.9
17155,22
17157,7.6
17159,12.7
17161,13.1
17163,13.6
17165,13.3
17167,15.7
17169,12.2
17171,11.3
17173,11.2
17175,9.4
17177,11.2
17179,11.5
17181,8.2
17183,17.2
17185,16.8
17187,13.5
17189,11.4
17191,8.1
17193,13.1
17195,14.5
17197,11.4
17199,6.5
17201,13.4
17203,16.1
18001,11.9
18003,12.6
18005,10.5
18009,8.7
18011,12.8
18013,6.9
18015,10.5
18017,8.7
18019,12.6
18021,9.7
18023,11.3
18025,11.3
18027,16.5
18029,11.3
18031,9.3
18033,9.6
18035,9.5
18037,21.5
18039,5.9
18041,9.6
18043,13.5
18045,10.6
18047,12.5
18049,9.2
18051,9.6
18053,9.3
18055,16
18057,13.5
18059,4.2
18061,5.2
18063,8.2
18065,4.9
18067,12.9
18069,12.2
18071,9.7
18073,10.1
18075,8.8
18077,12.5
18079,11.6
18081,11.6
18083,6
18085,12.7
18087,9
18089,7.5
18091,14.5
18093,13.4
18095,10.5
18097,13.1
18099,15.2
18101,10.9
18103,10.9
18105,13
18107,20.8
18109,12.1
18111,8.9
18113,9.5
18115,7.8
18117,9.6
18119,14.1
18121,12
18123,15.1
18125,12.1
18127,9.4
18129,8.1
18131,8.6
18133,11.2
18135,10.5
18137,13.3
18139,9.1
18141,11
18143,15.3
18145,13.6
18147,10.1
18149,8.7
18151,13.3
18153,8.6
18155,14.4
18157,14.5
18159,16.1
18161,7.8
18163,9.6
18165,14.4
18167,12.2
18169,20.8
18171,10.9
18173,9.4
18175,6.3
18177,12.1
18179,15.2
18181,7.4
18183,10.3
19001,11
19003,10.7
19005,12.5
19007,13
19009,19.3
19011,10.9
19013,7.8
19015,13.7
19017,8.7
19019,6.7
19021,9.5
19023,10.2
19025,10.5
19027,11.5
19029,8.2
19031,14.3
19033,7.8
19035,8.5
19037,10.2
19039,8.5
19041,11.7
19043,10.3
19045,11
19047,13.1
19049,12.5
19051,4.3
19053,11.5
19055,18.3
19057,8.6
19059,14.9
19061,7
19063,10.7
19065,11.4
19067,13.2
19069,11.7
19071,11.2
19073,11.6
19075,11.2
19077,5.5
19079,8.8
19081,9.1
19083,9
19085,10.6
19087,8.7
19089,11.7
19091,9.6
19093,10.8
19095,10.5
19097,6.7
19099,12.3
19101,8.4
19103,14.2
19105,16
19107,9.5
19109,11.4
19111,10.3
19113,15
19115,11.1
19117,9.2
19119,14.9
19121,7.4
19123,6.9
19125,10.8
19127,8.2
19129,13
19131,8.8
19133,9.3
19135,12.3
19137,10.7
19139,13.2
19141,10.1
19143,10.1
19145,9.3
19147,14.9
19149,11.1
19151,7.2
19153,10.1
19155,10.1
19157,11
19159,11.6
19161,15.1
19163,9.5
19165,11.8
19167,8.7
19169,7
19171,15.8
19173,13.1
19175,12.5
19177,12.1
19179,12.8
19181,14.2
19183,7.3
19185,9.1
19187,19.1
19189,12.1
19191,10.2
19193,8.6
19195,12.8
19197,9.8
20001,11.3
20003,17.3
20005,12.7
20007,13.8
20009,13.6
20011,13.4
20013,15.6
20015,15.4
20017,8.5
20019,11.4
20021,16.4
20023,15.4
20025,11.6
20027,12.4
20029,10
20031,13.5
20033,11.2
20035,11.6
20037,13.5
20039,18.5
20041,13.2
20043,9.8
20045,11.4
20047,15.1
20049,11.7
20051,19.4
20053,13.1
20055,9.6
20057,13
20059,13.8
20061,10.4
20063,11.7
20065,9.6
20067,11.8
20069,10.5
20071,7.6
20073,10.9
20075,14.9
20077,13.1
20079,14.2
20081,9.3
20083,9.7
20085,10.4
20087,10.9
20089,7.8
20091,13
20093,5.3
20095,10.4
20097,11.3
20099,12.1
20101,15.8
20103,10.3
20105,8.3
20107,12.1
20109,12
20111,10
20113,15.1
20115,7.2
20117,10.7
20119,9.4
20121,9.7
20123,6.8
20125,11.1
20127,15.7
20129,10.5
20131,11.7
20133,8.8
20135,15.7
20137,10.6
20139,11.6
20141,14.2
20143,13.5
20145,9.9
20147,14
20149,11
20151,7.2
20153,11.2
20155,14.2
20157,13.4
20159,12.2
20161,11.8
20163,20.9
20165,10.5
20167,12.2
20169,14.4
20171,12.3
20173,7.9
20175,12.6
20177,14.2
20179,9.8
20181,11.8
20183,12.5
20185,11.6
20187,13.7
20189,10.6
20191,9.7
20193,11.4
20195,9.1
20197,10.8
20199,6.9
20201,12.1
20203,9.5
20205,11
20207,13.3
20209,14.3
21001,16
21003,21.4
21005,16.8
21007,10.2
21009,15.5
21011,20.1
21013,19.4
21015,30.3
21017,7.1
21019,14.1
21021,20.6
21023,15.5
21025,14.1
21027,29.2
21029,18.3
21031,7.8
21033,18
21035,15.8
21037,16.5
21039,10.9
21041,15.5
21043,15.2
21045,20
21049,18.9
21051,13
21053,32.6
21055,23.4
21057,19.2
21059,23
21061,15.4
21063,16
21065,27.7
21067,22.7
21069,15.4
21071,21.1
21073,27.4
21075,11.5
21077,25.6
21079,13.3
21081,15.7
21083,13.3
21085,17.9
21087,20.3
21089,18.6
21091,15.9
21093,12.2
21095,10.7
21097,31.1
21099,15.3
21101,20.1
21103,16.3
21105,14.7
21107,16.9
21109,18.1
21111,27.8
21113,14.2
21115,11
21117,25.8
21119,11.2
21121,30.5
21123,31.5
21125,15.4
21127,21.4
21129,23.4
21131,34.9
21133,32.3
21135,28.9
21137,23.2
21139,19.7
21141,12.2
21143,15.3
21145,14.5
21147,15.5
21149,34.5
21151,14
21153,17.7
21155,29.4
21157,16.8
21159,11.8
21161,34.4
21163,15.7
21165,11.4
21167,26.1
21169,13.8
21171,22.6
21173,21.7
21175,15.8
21177,26.5
21179,18.8
21181,10.5
21183,17.3
21185,15.6
21187,4.9
21189,15.7
21191,35.5
21193,12.4
21195,24.2
21197,24
21199,21.5
21201,22.5
21203,22
21205,21
21207,23.3
21209,22.6
21211,8.6
21213,9.4
21215,12.5
21217,7.3
21219,16.4
21221,17.1
21223,14.6
21225,11.9
21227,17.3
21229,15.4
21231,14.4
21233,23.8
21235,16.3
21237,22.6
21239,30.1
22001,18.8
22003,20.3
22005,21.6
22007,9.6
22009,18.8
22011,24.4
22013,14.3
22015,24.4
22017,16.4
22019,24.1
22021,18.9
22023,19.5
22025,13.7
22027,26.4
22029,32.5
22031,27.5
22033,18
22035,17.7
22037,38.4
22039,18.7
22041,28.6
22043,25.8
22045,18.6
22047,21.9
22049,18.7
22051,19.2
22053,14.6
22055,19.1
22057,16.6
22061,16.9
22063,29.5
22065,12
22067,41.1
22069,31
22071,19.6
22073,23.5
22075,23.9
22077,15.1
22079,20
22081,18.3
22083,23.9
22085,25.1
22087,18.4
22089,19.2
22091,11.1
22093,19.6
22095,16.6
22097,16
22099,22.6
22101,18.7
22103,23.8
22105,11.5
22107,21.7
22109,28.9
22111,19
22113,19.4
22115,17
22117,15.3
22119,24.9
22121,29.6
22123,14.4
22125,21
22127,22.1
23001,10.9
23003,10.4
23005,15.5
23007,7.8
23009,12.6
23011,10.6
23013,11.5
23015,10.9
23017,11
23019,13
23021,12.4
23023,16.5
23025,8.6
23027,18.3
23029,13.7
23031,19.6
24001,9.1
24003,16
24005,5.8
24009,8.9
24011,5.7
24013,12.1
24015,5.1
24017,10.3
24019,6.4
24021,16.4
24023,5.7
24025,12.8
24027,6.7
24029,5
24031,12.4
24033,7.3
24035,8.7
24037,6
24039,7.7
24041,23.6
24043,8.7
24045,12.3
24047,16
24510,9.9
25001,9.5
25003,6.5
25005,11.2
25007,11.3
25009,7.3
25011,8.8
25013,9.3
25015,13.8
25017,11.1
25021,5.5
25023,5.8
25025,7.4
25027,16.7
26001,12.9
26003,18
26005,12.6
26007,10.8
26009,13.9
26011,9.6
26013,17.2
26015,13.7
26017,7.8
26019,13.4
26021,9.6
26023,15.9
26025,13.2
26027,13.9
26029,14.8
26031,9.7
26033,14.9
26035,18.3
26037,19.6
26039,7.8
26041,14
26043,13.8
26045,9.9
26047,7.5
26049,9.2
26051,16.6
26053,13.5
26055,17.1
26057,7.2
26059,14.3
26061,15.3
26063,14.7
26065,13.7
26067,17.3
26069,11.5
26071,14.2
26073,13.7
26075,22.9
26077,13.7
26079,13.3
26081,13.9
26083,11.2
26085,10.3
26087,20.2
26089,10.1
26091,7.1
26093,11.8
26095,4.4
26097,19.2
26099,14.1
26101,8.6
26103,12.3
26105,11.8
26107,13.9
26109,19.9
26111,13.5
26113,9.7
26115,10.9
26117,10.2
26119,12.4
26121,14.4
26123,13.5
26125,15.7
26127,7.8
26129,14.8
26131,18.2
26133,13.3
26135,14.6
26137,15.4
26139,10
26141,7.8
26143,10.8
26145,15.3
26147,18.6
26149,10.4
26151,12.9
26153,13.6
26155,14.3
26157,10.9
26159,11.6
26161,13
26163,13
26165,19.8
27001,8.9
27003,12.5
27005,6.2
27007,10.2
27009,16.3
27011,8.6
27013,11
27015,15.2
27017,7.4
27019,9.1
27021,4.3
27023,11.4
27025,10.4
27027,6.2
27029,11.9
27031,11.5
27033,8.9
27035,10.8
27037,10.5
27039,6.3
27041,5.6
27043,6.3
27045,12.2
27047,9.4
27049,9.6
27051,7.1
27053,8.8
27055,9.7
27057,7.8
27059,11.2
27061,6.9
27063,11.2
27065,9.8
27067,10.1
27069,9.8
27071,9.2
27073,13
27075,9.5
27077,9
27079,9.2
27081,7.1
27083,10.1
27085,10.6
27087,6.3
27089,21.3
27091,7.5
27093,10.5
27095,7.9
27097,11.4
27099,8.9
27101,11.5
27103,8.5
27105,9.9
27107,11
27109,10.4
27111,6.7
27115,9.8
27117,11.6
27119,11.1
27121,10.8
27123,8.9
27125,12.4
27127,9.9
27129,9.7
27131,10
27133,8.2
27135,8.7
27137,6
27139,12.8
27141,4.2
27143,5.5
27145,10.7
27147,11.2
27149,6.3
27151,11.9
27153,9.5
27155,11.8
27157,11.9
27159,8.4
27163,8.9
27165,4.6
27167,10.1
27169,9.1
27171,11
27173,5.2
28001,19.5
28003,27.9
28005,17.3
28007,20.9
28009,24.1
28011,20.7
28013,36.6
28015,17.2
28017,17.2
28019,22.7
28021,20.9
28023,37.5
28025,23.2
28027,29.7
28029,38.2
28031,22.1
28033,21.3
28035,9.4
28037,23.3
28039,19.6
28041,16.6
28043,21.8
28045,20.3
28047,16.7
28049,17.5
28051,20.1
28053,33.8
28055,37.1
28057,35.8
28059,12.8
28061,15.1
28063,20.5
28065,28.9
28067,24.3
28069,23.8
28071,28
28073,17.5
28075,16
28077,21.5
28079,19.7
28081,23.8
28083,14.6
28085,35.7
28087,19.6
28089,17.2
28091,10.1
28093,23.8
28095,20.3
28097,17.9
28099,23.7
28101,21.7
28103,20.3
28105,29.2
28107,31.1
28109,22.8
28111,18.1
28113,19.9
28115,26.2
28117,15.9
28119,15.7
28121,35
28123,11.1
28125,19.7
28127,33.4
28129,17.8
28131,18.9
28133,18.5
28135,34
28137,37.9
28139,15.1
28141,16.2
28143,17
28145,28.1
28147,13
28149,21.7
28151,20.1
28153,33.7
28155,22.2
28157,17
28159,31.2
28161,25.4
28163,24.4
29001,12.9
29003,19.2
29005,8.9
29007,12.9
29009,16.3
29011,18.6
29013,15
29015,16.9
29017,16.7
29019,14.5
29021,17.2
29023,15.8
29025,22.5
29027,13.6
29029,11.6
29031,13.5
29033,14.6
29035,13.8
29037,19.8
29039,7.9
29041,17.9
29043,12.5
29045,10.4
29047,14.2
29049,9.1
29051,9.9
29053,10.6
29055,11.8
29057,15.6
29059,15.9
29061,17.8
29063,17.6
29065,14.6
29067,19
29069,18.7
29071,26.7
29073,9.3
29075,11.6
29077,11.5
29079,14.4
29081,18.7
29083,15.4
29085,17.3
29087,18.2
29089,11.8
29091,13
29093,20.8
29095,20.8
29097,13.7
29099,18.8
29101,8.4
29103,11.4
29105,16.7
29107,15.8
29109,10.7
29111,16.1
29113,16.6
29115,9.4
29117,18.9
29119,15
29121,18.5
29123,12.5
29125,16.7
29127,14.3
29129,13.9
29131,12.7
29133,15.1
29135,27.7
29137,11
29139,13.4
29141,13.3
29143,17.8
29145,22.5
29147,13.2
29149,17.8
29151,20.6
29153,9.1
29155,22.7
29157,26.9
29159,9.1
29161,12.9
29163,17
29165,17.6
29167,5.3
29169,19.6
29171,14.6
29173,15.7
29175,10
29177,16.5
29179,9.2
29181,21.7
29183,19.7
29185,4.6
29186,19.3
29187,9.7
29189,17
29195,9.3
29197,15.7
29199,20.8
29201,14.4
29203,17.9
29205,22.6
29207,15.8
29209,18.4
29211,15.4
29213,15.6
29215,12.6
29217,21
29219,17.1
29221,10
29223,22.4
29225,20.6
29227,16.2
29229,14.9
29510,19.6
30001,12.6
30003,14.5
30005,26.1
30007,21.3
30009,9
30011,10.1
30013,14.2
30015,14.2
30017,15.4
30019,13
30021,11
30023,11.8
30025,15.9
30027,9.7
30029,13.2
30031,9.4
30033,10.3
30035,16.4
30037,25.7
30039,19.7
30041,12.5
30043,15.7
30045,8
30047,14.5
30049,17.2
30053,19
30055,17.4
30057,14.5
30059,9.7
30061,15.7
30063,15.6
30065,11.8
30067,16.5
30069,11.8
30071,14.8
30073,14.3
30075,17.5
30077,13.8
30079,16.3
30081,13.1
30083,11.2
30085,8.8
30087,24.3
30089,16.3
30091,16.7
30093,12.3
30095,15.3
30097,9.3
30099,10.3
30101,13.5
30103,15.8
30105,12.2
30107,12.8
30109,18.3
31025,8.2
31031,9.1
31055,9.5
31057,10.2
31109,12.2
31177,10.4
32001,12.7
32003,11.7
32005,13.3
32007,8.1
32009,11
32011,13.8
32013,9.9
32015,11
32017,10.9
32019,13.8
32021,10.2
32023,15.9
32027,16.1
32029,17.6
32031,7
32033,10.7
32510,13.7
33001,7.5
33003,8.6
33005,9
33007,9.7
33009,13.9
33011,9.2
33013,7.5
33015,6.4
33017,5.1
33019,8.8
34001,9.1
34003,11.3
34005,5.7
34007,5.7
34009,10.7
34011,9.8
34013,13.8
34015,13.8
34017,7.5
34019,13.7
34021,4
34023,11.9
34025,8.5
34027,6.2
34029,5.3
34031,9
34033,13.3
34035,11.4
34037,5.4
34039,5.2
34041,9.1
35031,23.8
36001,13.1
36003,11.7
36005,17.9
36007,26.2
36009,17.8
36011,14.7
36013,13.8
36015,16.3
36017,14.1
36019,13.7
36021,14.8
36023,10.1
36025,17.3
36027,12.6
36029,8.6
36031,13.3
36033,12.4
36035,18.1
36037,16.4
36039,10.5
36041,12.6
36043,9.8
36045,13.7
36047,14.6
36049,17.7
36051,12.4
36053,13.8
36055,9.8
36057,12.7
36059,15.9
36061,5.6
36063,14.1
36065,12.4
36067,14.6
36069,13.8
36071,8.1
36073,12.3
36075,13.2
36077,15.6
36079,16.2
36081,5.2
36083,11
36085,11.5
36087,9.1
36089,12.5
36091,18.9
36093,6
36095,12.1
36097,12.1
36099,15.7
36101,13.7
36103,15
36105,6.8
36107,16.1
36109,9.4
36111,16.9
36113,12
36115,10.1
36117,11.9
36119,11.4
36121,8.4
36123,9.9
37001,13.6
37003,14.6
37005,11.7
37007,16.9
37009,21.4
37011,14.6
37013,16.4
37015,17.6
37017,24.2
37019,21.2
37021,10.2
37023,12.2
37025,18.4
37027,7.9
37029,12
37031,7.6
37033,10.4
37035,16.2
37037,13.3
37039,8.7
37041,17.7
37043,18.5
37045,14
37047,19
37049,22.3
37051,13.8
37053,18
37055,8.8
37057,8.9
37059,15.2
37061,10.9
37063,17.7
37065,14
37067,21
37069,15.2
37071,11.6
37073,11.6
37075,14.7
37077,16.8
37079,14.6
37081,20.2
37083,16
37085,23.8
37087,15.6
37089,10.6
37091,10.6
37093,23
37095,16.9
37097,19.2
37099,8.2
37101,19.3
37103,12.5
37105,18.8
37107,14.2
37109,23.1
37111,9
37113,13.6
37115,14.3
37117,14.6
37119,20.6
37121,10.3
37123,14.8
37125,16.1
37127,11.3
37129,16.4
37131,13
37133,21.6
37135,12.5
37137,13.4
37139,15.9
37141,14.3
37143,11.5
37145,15
37147,15.4
37149,19.2
37151,12.1
37153,14.1
37155,25.8
37157,31.5
37159,18.4
37161,13.9
37163,18.5
37165,16.8
37167,28.5
37169,10.7
37171,13
37173,16
37175,16.1
37177,13.1
37179,25.4
37181,7.3
37183,18.5
37185,8
37187,21.7
37189,21.3
37191,21.4
37193,18.6
37195,15.2
37197,21.5
37199,13.9
38001,10.5
38003,10.7
38005,9.9
38007,23.3
38009,9.7
38011,9.7
38013,8
38015,8.8
38017,6.9
38019,11.4
38021,9.1
38023,10.6
38025,10.8
38027,9.8
38029,10
38031,13.7
38033,8.8
38035,12.1
38037,13.2
38039,14.9
38041,9.5
38043,12.5
38045,14.1
38047,12.2
38049,13.2
38051,12.1
38053,13.9
38055,7.4
38057,9.4
38059,7.7
38061,7.9
38063,9.5
38065,11.2
38067,10.6
38069,8.8
38071,11.6
38073,12.3
38075,8.7
38077,8.9
38079,12.4
38081,25.9
38083,7.5
38085,16.7
38087,32.1
38089,13.5
38091,8.5
38093,7.4
38095,10.8
38097,10.7
38099,8
38101,11.7
38103,9
38105,12.4
39001,13
39003,19.1
39005,12.9
39007,12.6
39009,18.7
39011,26.6
39013,7.3
39015,11.6
39017,12.1
39019,11.7
39021,11.3
39023,7.7
39025,14.6
39027,8.2
39029,14.8
39031,13.2
39033,12.5
39035,14.7
39037,16.2
39039,12.1
39041,8.8
39043,4.8
39045,11.6
39047,8.1
39049,13.6
39051,13.5
39053,6.9
39055,16.5
39057,5.5
39059,9.9
39061,15.5
39063,14.6
39065,9.3
39067,13.9
39069,14.5
39071,7.5
39073,15.6
39075,15
39077,9.2
39079,10
39081,17.2
39083,17.1
39085,11.3
39087,8.3
39089,16.2
39091,9.3
39093,10.5
39095,13.9
39097,18
39099,9.6
39101,18.4
39103,14.8
39105,5.5
39107,15.8
39109,6.7
39111,8.8
39113,14
39115,15.3
39117,15.7
39119,8.5
39121,15.3
39123,14.2
39125,8.1
39127,9.8
39129,15
39131,11.5
39133,19.1
39135,11.9
39137,8.9
39139,7.2
39141,13.5
39143,15.2
39145,9.6
39147,21.9
39149,12.1
39151,9.1
39153,13
39155,14.2
39157,15.4
39159,11.2
39161,5.4
39163,8.5
39165,18.7
39167,4.5
39169,11
39171,9.9
39173,9.3
39175,11.2
40001,15.1
40003,23.6
40005,15.8
40007,19.2
40009,10.6
40011,20.8
40013,14.9
40015,17.3
40017,20.6
40019,8.1
40021,14.3
40023,21.4
40025,22.5
40027,17.8
40029,11.7
40031,18.1
40033,17.6
40035,18.6
40037,18.2
40039,13.7
40041,15.8
40043,17.5
40045,11.6
40047,13
40049,12.7
40051,15.6
40053,12.1
40055,11.2
40057,24.1
40059,23.7
40061,11.1
40063,20.2
40065,21.4
40067,17.3
40069,20.8
40071,21
40073,16.1
40075,8.9
40077,21.9
40079,18.5
40081,20.5
40083,13.9
40085,12.4
40087,13.4
40089,7.1
40091,21.9
40093,19.7
40095,13.4
40097,18.2
40099,17.7
40101,14.9
40103,22.7
40105,12.3
40107,15
40109,27.4
40111,14.9
40113,18.7
40115,14.9
40117,18.5
40119,15.2
40121,23
40123,19.7
40125,13.9
40127,14.8
40131,13.4
40133,10.4
40135,22
40137,21.6
40139,14.8
40141,14.7
40143,20.4
40145,14.3
40147,8.2
40149,12.9
40151,12.6
40153,15.2
41001,11.5
41003,13.6
41005,16.5
41007,7.2
41009,12
41011,8.6
41013,15.6
41015,10.9
41017,13.4
41019,9.2
41021,11.8
41023,10.9
41025,15.3
41027,14.2
41029,8.4
41031,13.6
41033,15
41035,15.9
41037,16.7
41039,17
41041,13.9
41043,14.6
41045,12.6
41047,21
41049,12.2
41051,12.7
41053,12
41055,9.4
41057,12.5
41059,12
41061,13.9
41063,13.6
41065,12.3
41067,12.2
41069,8.2
41071,17.7
42001,12
42003,7.6
42005,10.8
42007,11.1
42009,11.7
42011,10.4
42013,10.2
42015,14.9
42017,14.3
42019,5.7
42021,7.8
42023,14.9
42025,14
42027,9.8
42029,15.9
42031,5.9
42033,14.1
42035,13.7
42037,13.4
42039,14.7
42041,12.6
42043,7.2
42045,11.3
42047,9.9
42049,9.8
42051,16.6
42053,17.5
42055,26
42057,8.1
42059,12.2
42061,14.2
42063,13
42065,14
42067,16.4
42069,10.4
42071,14.2
42073,10.5
42075,12.3
42077,10.4
42079,11.5
42081,15.2
42083,13.6
42085,14.6
42087,13.1
42089,13.3
42091,12.2
42093,6
42095,9.1
42097,7.9
42099,13.3
42103,23
42107,11.7
42109,11.7
42111,10.3
42113,12.5
42115,12.9
42117,11.3
42119,13.4
42121,12
42123,12.5
42125,13.5
42127,9.9
42129,12.4
42131,10.5
42133,9.9
44001,11.6
44003,6.8
44005,8.1
44007,8.5
44009,14
45001,13.9
45003,14.8
45005,12.5
45007,30.2
45009,12.9
45011,24.2
45013,24.9
45015,10.2
45017,10.7
45019,18.2
45021,11.7
45023,16
45025,17.7
45027,19.9
45029,25.1
45031,21
45033,19.6
45035,26.8
45037,9.3
45039,15.7
45041,19.1
45043,17
45045,17.5
45047,10.7
45049,18
45051,23.2
45053,12.7
45055,17.2
45057,13.8
45059,11.8
45061,19.1
45063,25.4
45065,11.9
45067,18.1
45069,24.9
45071,28.9
45073,14
45075,13.1
45077,26.3
45079,15.3
45081,16.2
45083,16.1
45085,12.9
45087,17.8
45089,19.9
45091,27.8
46007,12.9
46013,11.9
46017,12.6
46021,12.9
46031,9.7
46041,8.7
46063,7.9
46085,3.8
46095,8.7
46102,8.7
46117,11.5
46121,8.2
46127,10.1
46135,15.1
46137,10.1
47001,13.8
47003,15.3
47005,13.9
47007,17.6
47009,27.3
47011,10.5
47013,14.5
47015,21.9
47017,13
47019,16.8
47021,19.3
47023,9.6
47025,14.8
47027,19.7
47029,20.1
47031,22.8
47033,14.4
47035,15.8
47037,13.3
47039,12.6
47041,16
47043,18
47045,10.1
47047,17.3
47049,11.2
47051,20.9
47053,13.9
47055,14.3
47057,13.4
47059,17.1
47061,15.9
47063,21.4
47065,14.4
47067,12.7
47069,26.4
47071,19.2
47073,17.5
47075,18.1
47077,20.7
47079,15.8
47081,18.3
47083,16.3
47085,17.8
47087,13.1
47089,17.1
47091,12.5
47093,25.2
47095,13.4
47097,35.5
47099,19.3
47101,16.7
47103,15.2
47105,12.8
47107,9.7
47109,14.5
47111,17
47113,15.5
47115,17.6
47117,15.3
47119,13.1
47121,8.5
47123,16.1
47125,16.5
47127,12
47129,10
47131,22
47133,14.6
47135,17.1
47137,14.4
47139,17.8
47141,15.3
47143,16.1
47145,15.4
47147,14.6
47149,10.5
47151,10
47153,22
47155,17.4
47157,12.9
47159,17.2
47161,15.3
47163,12.9
47165,15.1
47167,8.6
47169,10.5
47171,15.8
47173,15.8
47175,18.3
47177,15.5
47179,15.9
47181,15.8
47183,17.3
47185,17.7
47187,16
47189,4.3
49001,8.8
49003,8.9
49005,7.5
49007,13.1
49009,16.4
49011,6.7
49013,5.5
49015,14.2
49017,10.9
49019,9.4
49021,12.2
49023,13.1
49025,9
49027,9.4
49029,11.8
49031,4
49033,15.7
49035,9.3
49037,9
49039,21.9
49041,13.1
49043,12.1
49045,4.7
49047,5.3
49049,11.1
49051,9.7
49053,5
49055,9.5
49057,11.8
50001,10.1
50003,7.9
50005,10
50007,12.3
50009,10.5
50011,14.8
50013,9.6
50015,8.1
50017,9.1
50019,9.4
50021,12.7
50023,10.8
50025,8.4
50027,11.6
51001,9.9
51003,16.4
51005,6.7
51007,11.5
51009,9.3
51011,12
51013,12.6
51015,7.6
51017,7.3
51019,9.9
51021,8.6
51023,13.4
51025,5.7
51027,20.9
51029,21.7
51031,16.8
51033,10.8
51035,9.6
51037,12.5
51041,19.3
51043,6.6
51045,6.3
51047,11.2
51049,9.2
51051,13.8
51053,24.2
51057,10.7
51059,16.2
51061,6
51063,6.1
51065,11.4
51067,7.3
51069,11.5
51071,6.5
51073,11.4
51075,8.6
51077,6.2
51079,18.8
51081,7.6
51083,24.5
51085,17.1
51087,5.1
51089,8.7
51091,14.6
51093,12.4
51095,9.1
51097,5.8
51099,11.7
51101,5.9
51103,6.9
51105,13.3
51107,27.1
51109,3.1
51111,9.5
51113,19.2
51115,9.3
51117,8.8
51119,17.3
51121,13.8
51125,20.5
51127,11.8
51131,5
51133,18.1
51135,12.7
51137,21.5
51139,9.7
51141,11.3
51143,15.5
51145,15.1
51147,5.4
51149,20.6
51153,8.3
51155,6.1
51157,14.6
51159,8.5
51161,17.8
51163,6.5
51165,11.5
51167,8.1
51169,20
51171,14.8
51173,10.3
51175,16.5
51177,13.3
51179,6.6
51181,5.4
51183,11.9
51185,21.6
51187,21.7
51191,9.7
51193,12.3
51195,15.9
51197,20.4
51199,12.8
51520,8.6
51530,21.8
51540,17.2
51570,8.3
51580,9.4
51590,14.5
51595,23.5
51600,20.5
51610,7.1
51620,3.5
51630,19.2
51640,16.9
51650,19
51660,13.8
51670,24.9
51678,19.3
51680,22.9
51683,16.8
51685,7.4
51690,6.3
51700,19.5
51710,15.1
51720,19
51730,19.3
51735,21.6
51740,5.3
51750,18.5
51760,30.5
51770,19.2
51775,19.5
51790,9.4
51800,11.3
51810,9.8
51820,7.3
51830,12.3
51840,18.2
53001,9.8
53003,16.8
53005,13.8
53007,10.6
53009,12.2
53011,11.2
53013,9.2
53015,12.3
53017,12.6
53019,10.9
53021,18
53023,13.5
53025,12.9
53027,13.9
53029,13.1
53031,7.3
53033,12.6
53035,7.7
53037,7.5
53039,14
53041,13.5
53043,12.2
53045,9.1
53047,12.8
53049,16.4
53051,13.5
53053,16.1
53055,9.4
53057,8.1
53059,11.2
53061,10.4
53063,7
53065,12.9
53067,14.9
53069,9.1
53071,10.8
53073,12.7
53075,12.7
53077,26.3
54001,16.2
54003,18.4
54005,11
54007,18.9
54009,18.3
54011,12
54013,18.5
54015,21.6
54017,22.5
54019,18.8
54021,20.6
54023,25.5
54025,13.2
54027,17.2
54029,14.6
54031,12.5
54033,14.2
54035,11.1
54037,16.7
54039,9.9
54041,16.3
54043,19.5
54045,19.7
54047,21.9
54049,33.8
54051,14.6
54053,13.7
54055,15.5
54057,18.7
54059,12.5
54061,27.3
54063,19.1
54065,15.7
54067,10.5
54069,18.8
54071,14.1
54073,13.5
54075,13
54077,16.1
54079,14.3
54081,8.9
54083,17.4
54085,16.8
54087,17.9
54089,19.4
54091,23.5
54093,16.7
54095,15.3
54097,15.4
54099,17.5
54101,19.6
54103,21.8
54105,16.3
54107,17.5
54109,14.1
55001,10.4
55003,11.6
55005,17.8
55007,8.9
55009,10.3
55011,9.9
55013,9.5
55015,12.6
55017,5.4
55019,8.8
55021,13.5
55023,6.7
55025,11.6
55027,9.4
55029,8
55031,9.3
55033,11.5
55035,11.7
55037,10.6
55039,10.9
55041,7.3
55043,16.3
55045,13.4
55047,6.4
55049,11.7
55051,9.5
55053,12.7
55055,12.4
55057,7.1
55059,13.4
55061,9.8
55063,7.4
55065,11.8
55067,11.3
55069,13
55071,9.1
55073,8.8
55075,8.2
55077,11.5
55078,10
55079,25.3
55081,16.9
55083,10.9
55085,9.3
55087,8.9
55089,7.1
55091,4.5
55093,9
55095,9.8
55097,8.6
55099,11.8
55101,14.9
55103,12.4
55105,12.5
55107,12.3
55109,12.3
55111,5.9
55113,10.2
55115,12.7
55117,9.6
55119,8.1
55121,9.7
55123,8.9
55125,14.1
55127,11.2
55129,9.5
55131,12.8
55133,5.1
55135,4.7
55137,8.8
55139,12.4
55141,9.7
56001,9.9
56003,16
56005,12.1
56007,7.7
56009,11.7
56011,9.2
56013,8
56015,12.9
56017,13
56019,10.9
56021,9
56023,9.5
56025,7
56027,9.9
56029,15.1
56031,10.3
56033,11.5
56035,8.5
56037,7.2
56039,8.3
56041,6
56043,8.5
56045,11.1
